Method,AUC_mean,AUC_std,Acc_mean,Acc_std,F1_mean,F1_std,Recall_mean,Recall_std,Precision_mean,Precision_std
FBCSP_LDA,0.5304993252361674,0.23335842586175573,0.97,0.010000000000000009,0.0,0.0,0.0,0.0,0.0,0.0
EEGNet,0.772199730094467,0.17124096933610705,0.9650000000000001,0.012247448713915901,0.0,0.0,0.0,0.0,0.0,0.0
