Method,AUC_mean,AUC_std,Acc_mean,Acc_std,F1_mean,F1_std,Recall_mean,Recall_std,Precision_mean,Precision_std
FBCSP_LDA,0.6445344129554655,0.17946137933145265,0.9550000000000001,0.018708286933869687,0.0,0.0,0.0,0.0,0.0,0.0
EEGNet,0.6668690958164643,0.23765375686716506,0.9349999999999999,0.04358898943540673,0.05,0.10000000000000002,0.2,0.4000000000000001,0.02857142857142857,0.05714285714285714
