Method,AUC_mean,AUC_std,Acc_mean,Acc_std,F1_mean,F1_std,Recall_mean,Recall_std,Precision_mean,Precision_std
FBCSP_LDA,0.42930298719772403,0.2560727225947259,0.9594871794871794,0.012151790370331074,0.0,0.0,0.0,0.0,0.0,0.0
EEGNet,0.7832147937411096,0.1366773198035032,0.938974358974359,0.012988641171193737,0.0,0.0,0.0,0.0,0.0,0.0
