Method,AUC_mean,AUC_std,Acc_mean,Acc_std,F1_mean,F1_std,Recall_mean,Recall_std,Precision_mean,Precision_std
FBCSP_LDA,0.5259109311740892,0.17842450220775097,0.9650000000000001,0.012247448713915901,0.0,0.0,0.0,0.0,0.0,0.0
EEGNet,0.3672064777327935,0.1965333036174642,0.9549999999999998,0.029154759474226483,0.0,0.0,0.0,0.0,0.0,0.0
