Method,AUC_mean,AUC_std,Acc_mean,Acc_std,F1_mean,F1_std,Recall_mean,Recall_std,Precision_mean,Precision_std
FBCSP_LDA,0.46842105263157896,0.13890150758312259,0.945,0.009999999999999964,0.0,0.0,0.0,0.0,0.0,0.0
EEGNet,0.7210526315789474,0.0979003959880962,0.945,0.009999999999999964,0.0,0.0,0.0,0.0,0.0,0.0
