Method,AUC_mean,AUC_std,Acc_mean,Acc_std,F1_mean,F1_std,Recall_mean,Recall_std,Precision_mean,Precision_std
FBCSP_LDA,0.7650472334682861,0.09593058342565533,0.96,0.012247448713915901,0.0,0.0,0.0,0.0,0.0,0.0
EEGNet,0.7547908232118758,0.06541918006102367,0.8800000000000001,0.12980754985747167,0.023529411764705882,0.047058823529411764,0.2,0.4000000000000001,0.0125,0.025000000000000005
