Method,AUC_mean,AUC_std,Acc_mean,Acc_std,F1_mean,F1_std,Recall_mean,Recall_std,Precision_mean,Precision_std
FBCSP_LDA,0.38198380566801615,0.20545272291752775,0.96,0.012247448713915901,0.0,0.0,0.0,0.0,0.0,0.0
EEGNet,0.7407557354925776,0.24941854429784283,0.96,0.012247448713915901,0.0,0.0,0.0,0.0,0.0,0.0
