Method,AUC_mean,AUC_std,Acc_mean,Acc_std,F1_mean,F1_std,Recall_mean,Recall_std,Precision_mean,Precision_std
FBCSP_LDA,0.5271255060728746,0.16486202467362573,0.9650000000000001,0.012247448713915901,0.0,0.0,0.0,0.0,0.0,0.0
EEGNet,0.5950067476383266,0.18467653729071176,0.9650000000000001,0.012247448713915901,0.0,0.0,0.0,0.0,0.0,0.0
