Method,AUC_mean,AUC_std,Acc_mean,Acc_std,F1_mean,F1_std,Recall_mean,Recall_std,Precision_mean,Precision_std
FBCSP_LDA,0.5763157894736843,0.2239781350626654,0.95,0.0,0.0,0.0,0.0,0.0,0.0,0.0
EEGNet,0.5736842105263158,0.19312992770430287,0.8699999999999999,0.08860022573334674,0.0696969696969697,0.08549536957373263,0.2,0.24494897427831783,0.042222222222222223,0.051830683509736006
