Method,AUC_mean,AUC_std,Acc_mean,Acc_std,F1_mean,F1_std,Recall_mean,Recall_std,Precision_mean,Precision_std
FBCSP_LDA,0.46889338731443997,0.14541628693881825,0.9650000000000001,0.012247448713915901,0.0,0.0,0.0,0.0,0.0,0.0
EEGNet,0.6774628879892038,0.10489138125188181,0.945,0.024494897427831747,0.0,0.0,0.0,0.0,0.0,0.0
