Method,AUC_mean,AUC_std,Acc_mean,Acc_std,F1_mean,F1_std,Recall_mean,Recall_std,Precision_mean,Precision_std
FBCSP_LDA,0.6107962213225371,0.3514832822026127,0.9650000000000001,0.012247448713915901,0.0,0.0,0.0,0.0,0.0,0.0
EEGNet,0.6006747638326585,0.21066139823511335,0.9349999999999999,0.06819090848492926,0.0,0.0,0.0,0.0,0.0,0.0
