Method,AUC_mean,AUC_std,Acc_mean,Acc_std,F1_mean,F1_std,Recall_mean,Recall_std,Precision_mean,Precision_std
FBCSP_LDA,0.5024966261808366,0.12132032290570277,0.96,0.012247448713915901,0.0,0.0,0.0,0.0,0.0,0.0
EEGNet,0.7179487179487178,0.19753911439545394,0.96,0.012247448713915901,0.0,0.0,0.0,0.0,0.0,0.0
