Method,AUC_mean,AUC_std,Acc_mean,Acc_std,F1_mean,F1_std,Recall_mean,Recall_std,Precision_mean,Precision_std
FBCSP_LDA,0.5794871794871794,0.3237680844649148,0.975,0.0,0.0,0.0,0.0,0.0,0.0,0.0
EEGNet,0.4564102564102564,0.33604420359806925,0.975,0.0,0.0,0.0,0.0,0.0,0.0,0.0
