Method,AUC_mean,AUC_std,Acc_mean,Acc_std,F1_mean,F1_std,Recall_mean,Recall_std,Precision_mean,Precision_std
FBCSP_LDA,0.4329065908013277,0.10759015428818752,0.945,0.009999999999999964,0.0,0.0,0.0,0.0,0.0,0.0
EEGNet,0.5270507349454718,0.19235446184117172,0.7699999999999999,0.3476348659153739,0.01951219512195122,0.039024390243902446,0.2,0.4000000000000001,0.010256410256410256,0.020512820512820513
