Method,AUC_mean,AUC_std,Acc_mean,Acc_std,F1_mean,F1_std,Recall_mean,Recall_std,Precision_mean,Precision_std
FBCSP_LDA,0.5339406207827261,0.25582179081531387,0.96,0.012247448713915901,0.0,0.0,0.0,0.0,0.0,0.0
EEGNet,0.7036437246963563,0.19736520292196277,0.96,0.012247448713915901,0.0,0.0,0.0,0.0,0.0,0.0
