Method,AUC_mean,AUC_std,Acc_mean,Acc_std,F1_mean,F1_std,Recall_mean,Recall_std,Precision_mean,Precision_std
FBCSP_LDA,0.46160593792172744,0.2586888598373851,0.959871794871795,0.012092129356463187,0.0,0.0,0.0,0.0,0.0,0.0
EEGNet,0.5850877192982457,0.2310966535478382,0.923974358974359,0.06527340970459694,0.0,0.0,0.0,0.0,0.0,0.0
