Method,AUC_mean,AUC_std,Acc_mean,Acc_std,F1_mean,F1_std,Recall_mean,Recall_std,Precision_mean,Precision_std
FBCSP_LDA,0.6410256410256411,0.2293403053845938,0.975,0.0,0.0,0.0,0.0,0.0,0.0,0.0
EEGNet,0.30256410256410265,0.20856101956577183,0.975,0.0,0.0,0.0,0.0,0.0,0.0,0.0
