Method,AUC_mean,AUC_std,Acc_mean,Acc_std,F1_mean,F1_std,Recall_mean,Recall_std,Precision_mean,Precision_std
FBCSP_LDA,0.19089068825910932,0.15075202608815902,0.9650000000000001,0.012247448713915901,0.0,0.0,0.0,0.0,0.0,0.0
EEGNet,0.5667341430499325,0.300916406629642,0.885,0.15540270267920053,0.021052631578947368,0.04210526315789473,0.2,0.4000000000000001,0.01111111111111111,0.02222222222222222
