{
  "sub-001": {
    "peak_time": 0.3345703125,
    "peak_amp": 2.5777751864406406e-06,
    "n_target": 7
  },
  "sub-002": {
    "peak_time": 0.437109375,
    "peak_amp": 1.1062821492831561e-05,
    "n_target": 5
  },
  "sub-003": {
    "peak_time": 0.35703125,
    "peak_amp": 3.7430717380178813e-06,
    "n_target": 10
  },
  "sub-004": {
    "peak_time": 0.316015625,
    "peak_amp": 9.02966698713326e-07,
    "n_target": 8
  },
  "sub-005": {
    "peak_time": 0.4673828125,
    "peak_amp": 2.458998603976257e-06,
    "n_target": 8
  },
  "sub-006": {
    "peak_time": 0.384375,
    "peak_amp": 3.943484357975742e-06,
    "n_target": 8
  },
  "sub-007": {
    "peak_time": 0.4908203125,
    "peak_amp": 1.3492133235816282e-06,
    "n_target": 8
  },
  "sub-008": {
    "peak_time": 0.4771484375,
    "peak_amp": -7.838404215330565e-07,
    "n_target": 8
  },
  "sub-009": {
    "peak_time": 0.41171875,
    "peak_amp": -2.0090076286335312e-07,
    "n_target": 6
  },
  "sub-010": {
    "peak_time": 0.4849609375,
    "peak_amp": -1.5891604207047326e-06,
    "n_target": 11
  },
  "sub-011": {
    "peak_time": 0.3423828125,
    "peak_amp": 3.6795331579279127e-06,
    "n_target": 8
  },
  "sub-012": {
    "peak_time": 0.32578125,
    "peak_amp": -7.239132096256718e-07,
    "n_target": 7
  },
  "sub-013": {
    "peak_time": 0.4107421875,
    "peak_amp": 4.999532190006311e-07,
    "n_target": 7
  },
  "sub-014": {
    "peak_time": 0.4517578125,
    "peak_amp": -2.7349836885064357e-06,
    "n_target": 8
  },
  "sub-015": {
    "peak_time": 0.370703125,
    "peak_amp": 2.761521103776721e-06,
    "n_target": 6
  },
  "sub-016": {
    "peak_time": 0.300390625,
    "peak_amp": -4.3153704029723203e-07,
    "n_target": 10
  },
  "sub-017": {
    "peak_time": 0.464453125,
    "peak_amp": 2.45491159307455e-07,
    "n_target": 6
  },
  "sub-018": {
    "peak_time": 0.3287109375,
    "peak_amp": 5.5881021183965226e-06,
    "n_target": 5
  },
  "sub-019": {
    "peak_time": 0.4068359375,
    "peak_amp": 5.7668194096069415e-06,
    "n_target": 7
  },
  "sub-020": {
    "peak_time": 0.3013671875,
    "peak_amp": 1.4862764387600036e-07,
    "n_target": 7
  }
}