Method,AUC_mean,AUC_std,Acc_mean,Acc_std,F1_mean,F1_std,Recall_mean,Recall_std,Precision_mean,Precision_std
FBCSP_LDA,0.7265182186234818,0.18095973416975758,0.9650000000000001,0.012247448713915901,0.0,0.0,0.0,0.0,0.0,0.0
EEGNet,0.774966261808367,0.08211296424323757,0.72,0.35298725189445573,0.05705882352941176,0.0911973410648635,0.4,0.48989794855663565,0.031794871794871796,0.05173136497607586
