Method,AUC_mean,AUC_std,Acc_mean,Acc_std,F1_mean,F1_std,Recall_mean,Recall_std,Precision_mean,Precision_std
FBCSP_LDA,0.6623885918003565,0.2715020303080373,0.9652100840336134,0.011181208321667161,0.0,0.0,0.0,0.0,0.0,0.0
EEGNet,0.6326203208556149,0.1120025500754382,0.9652100840336134,0.011181208321667161,0.0,0.0,0.0,0.0,0.0,0.0
