{
  "test_acc": 0.9219143576826196,
  "best_val_acc": 0.929471032745592,
  "classes": [
    "0",
    "1"
  ],
  "N": 3968,
  "C": 26,
  "T": 615
}